20/12-Natural-Wonders-Africa/12-Natural-Wonders-Africa_174931-0002.webp,1806,1207
20/12-Natural-Wonders-Africa/12-Natural-Wonders-Africa_174931-0007.webp,1817,1213
20/12-Natural-Wonders-Africa/12-Natural-Wonders-Africa_174931-0004.webp,1797,1207
20/12-Natural-Wonders-Africa/12-Natural-Wonders-Africa_174931-0009.webp,1818,1216
20/12-Natural-Wonders-Africa/12-Natural-Wonders-Africa_174931-0005.webp,2480,1655
20/12-Natural-Wonders-Africa/12-Natural-Wonders-Africa_174931-0013.webp,1817,1216
20/12-Natural-Wonders-Japan/12-Natural-Wonders-Japan_174931-0005.webp,1000,1500
20/12-Natural-Wonders-Africa/12-Natural-Wonders-Africa_174931-0011.webp,1807,1199
20/12-Natural-Wonders-Japan/12-Natural-Wonders-Japan_174931-0002.webp,2500,1667
20/12-Natural-Wonders-Japan/12-Natural-Wonders-Japan_174931-0004.webp,2500,1667
20/12-Natural-Wonders-Japan/12-Natural-Wonders-Japan_174931-0010.webp,1000,1390
20/12-Natural-Wonders-Japan/12-Natural-Wonders-Japan_174931-0007.webp,2500,1667
20/12-Natural-Wonders-Japan/12-Natural-Wonders-Japan_174931-0008.webp,2500,1667
20/12-Natural-Wonders-Japan/12-Natural-Wonders-Japan_174931-0006.webp,2500,1667
20/12-Natural-Wonders-Japan/12-Natural-Wonders-Japan_174931-0012.webp,2500,1648
20/12-Natural-Wonders-Japan/12-Natural-Wonders-Japan_174931-0001.webp,2500,3749
20/12-Natural-Wonders-Japan/12-Natural-Wonders-Japan_174931-0009.webp,2500,1667
20/12-Natural-Wonders-Norway/Naked_Landscape.webp,2500,1670
20/12-Natural-Wonders-Japan/12-Natural-Wonders-Japan_174931-0011.webp,2500,3749
20/12-Natural-Wonders-Norway/Naked_Pathway.webp,2500,1670
20/12-Natural-Wonders-Russia/12-Natural-Wonders-Russia_174931-0001.webp,2500,1722
20/12-Natural-Wonders-Russia/12-Natural-Wonders-Russia_174931-0005.webp,1500,2132
20/12-Natural-Wonders-Russia/12-Natural-Wonders-Russia_174931-0002.webp,2500,3615
20/12-Natural-Wonders-Russia/12-Natural-Wonders-Russia_174931-0004.webp,2500,1667
20/12-Natural-Wonders-Russia/12-Natural-Wonders-Russia_174931-0008.webp,1200,1800
20/12-Natural-Wonders-Russia/12-Natural-Wonders-Russia_174931-0006.webp,2500,3749
20/12-Natural-Wonders-Russia/12-Natural-Wonders-Russia_174931-0011.webp,2500,1667
20/12-Natural-Wonders-Russia/12-Natural-Wonders-Russia_174931-0010.webp,2500,1667
20/12-Natural-Wonders-Russia/12-Natural-Wonders-Russia_174931-0009.webp,2500,1731
20/12-Natural-Wonders-Russia/12-Natural-Wonders-Russia_174931-0003.webp,2500,3567
20/12-Natural-Wonders-Russia/12-Natural-Wonders-Russia_174931-0007.webp,2500,3749
20/12-Natural-Wonders-UK/Black_Cab.webp,2500,1735
20/12-Natural-Wonders-Russia/12-Natural-Wonders-Russia_174931-0012.webp,2500,3537
20/12-Natural-Wonders-UK/Carousel.webp,2500,1661
20/12-Natural-Wonders-Russia/12-Natural-Wonders-Russia_174931-0013.webp,2500,3357
20/12-Natural-Wonders-UK/Chelsea_Girl.webp,2500,1731
20/12-Natural-Wonders-UK/Mind_the_gap.webp,2500,1667
20/2016s-Defining-Moments-in-Film/2016s-Defining-Moments-in-Film_04.webp,900,1080
20/2016s-Defining-Moments-in-Film/2016s-Defining-Moments-in-Film_02.webp,900,1080
20/2016s-Defining-Moments-in-Film/2016s-Defining-Moments-in-Film_01.webp,2700,1620
20/2016s-Defining-Moments-in-Film/2016s-Defining-Moments-in-Film_03.webp,1800,1080
20/2016s-Defining-Moments-in-Film/2016s-Defining-Moments-in-Film_06.webp,900,1080
20/2016s-Defining-Moments-in-Film/2016s-Defining-Moments-in-Film_08.webp,900,1080
20/2016s-Defining-Moments-in-Film/2016s-Defining-Moments-in-Film_09.webp,900,1080
20/2016s-Defining-Moments-in-Film/2016s-Defining-Moments-in-Film_13.webp,900,1080
20/2016s-Defining-Moments-in-Film/2016s-Defining-Moments-in-Film_14.webp,900,1080
20/2016s-Defining-Moments-in-Film/2016s-Defining-Moments-in-Film_07.webp,900,1080
20/2016s-Defining-Moments-in-Film/2016s-Defining-Moments-in-Film_12.webp,1500,2000
20/2016s-Defining-Moments-in-Film/2016s-Defining-Moments-in-Film_10.webp,900,1080
20/2016s-Defining-Moments-in-Film/2016s-Defining-Moments-in-Film_16.webp,900,1080
20/2016s-Defining-Moments-in-Film/2016s-Defining-Moments-in-Film_11.webp,900,1080
20/2016s-Defining-Moments-in-Film/2016s-Defining-Moments-in-Film_17.webp,900,1080
20/2016s-Defining-Moments-in-Film/2016s-Defining-Moments-in-Film_20.webp,900,1080
20/2016s-Defining-Moments-in-Film/2016s-Defining-Moments-in-Film_22.webp,900,1080
20/2016s-Defining-Moments-in-Film/2016s-Defining-Moments-in-Film_24.webp,900,1080
20/2016s-Defining-Moments-in-Film/2016s-Defining-Moments-in-Film_21.webp,1500,2000
20/2016s-Defining-Moments-in-Film/2016s-Defining-Moments-in-Film_26.webp,900,1080
20/2016s-Defining-Moments-in-Film/2016s-Defining-Moments-in-Film_19.webp,900,1080
20/2016s-Defining-Moments-in-Film/2016s-Defining-Moments-in-Film_27.webp,900,1080
20/50-Shades-of-White-Vertiqle-October-2019/50-Shades-of-White-Vertiqle-October-2019-2.webp,1667,2500
20/50-Shades-of-White-Vertiqle-October-2019/50-Shades-of-White-Vertiqle-October-2019-3.webp,1667,2500
20/50-Shades-of-White-Vertiqle-October-2019/50-Shades-of-White-Vertiqle-October-2019-1.webp,1666,2500
20/50-Shades-of-White-Vertiqle-October-2019/50-Shades-of-White-Vertiqle-October-2019-4.webp,2500,1667
20/50-Shades-of-White-Vertiqle-October-2019/50-Shades-of-White-Vertiqle-October-2019-10.webp,1440,2160
20/50-Shades-of-White-Vertiqle-October-2019/50-Shades-of-White-Vertiqle-October-2019-12.webp,2500,1667
20/50-Shades-of-White-Vertiqle-October-2019/50-Shades-of-White-Vertiqle-October-2019_1a.webp,1440,2160
20/50-Shades-of-White-Vertiqle-October-2019/50-Shades-of-White-Vertiqle-October-2019-9.webp,2500,1667
20/50-Shades-of-White-Vertiqle-October-2019/50-Shades-of-White-Vertiqle-October-2019-7.webp,2500,1667
20/A-Family-Drama-Vogue-Italia-December-2019/A-Family-Drama-Vogue-Italia-December-2019_02.webp,1536,1154
20/A-Family-Drama-Vogue-Italia-December-2019/A-Family-Drama-Vogue-Italia-December-2019_01.webp,1222,1536
20/A-Family-Drama-Vogue-Italia-December-2019/A-Family-Drama-Vogue-Italia-December-2019_04.webp,1536,1155
20/50-Shades-of-White-Vertiqle-October-2019/50-Shades-of-White-Vertiqle-October-2019-8.webp,2500,1667
20/A-Family-Drama-Vogue-Italia-December-2019/A-Family-Drama-Vogue-Italia-December-2019_03.webp,1536,1154
20/A-Family-Drama-Vogue-Italia-December-2019/A-Family-Drama-Vogue-Italia-December-2019_07.webp,1536,1151
20/A-Family-Drama-Vogue-Italia-December-2019/A-Family-Drama-Vogue-Italia-December-2019_08.webp,1536,1154
20/A-Family-Drama-Vogue-Italia-December-2019/A-Family-Drama-Vogue-Italia-December-2019_09.webp,1536,1155
20/A-Family-Drama-Vogue-Italia-December-2019/A-Family-Drama-Vogue-Italia-December-2019_10.webp,1536,1160
20/A-Family-Drama-Vogue-Italia-December-2019/A-Family-Drama-Vogue-Italia-December-2019_11.webp,1536,1158
20/A-Family-Drama-Vogue-Italia-December-2019/A-Family-Drama-Vogue-Italia-December-2019_12.webp,1536,1151
20/A-Family-Drama-Vogue-Italia-December-2019/A-Family-Drama-Vogue-Italia-December-2019_05.webp,1536,1154
20/A-Family-Drama-Vogue-Italia-December-2019/A-Family-Drama-Vogue-Italia-December-2019_14.webp,1536,1158
20/A-Family-Drama-Vogue-Italia-December-2019/A-Family-Drama-Vogue-Italia-December-2019_15.webp,1536,1158
20/A-Free-Man-in-LA-Vanity-Fair-July-2011/A-Free-Man-in-LA-Vanity-Fair-July-2011_01.webp,1440,981
20/A-Free-Man-in-LA-Vanity-Fair-July-2011/A-Free-Man-in-LA-Vanity-Fair-July-2011_02.webp,1440,994
20/A-Free-Man-in-LA-Vanity-Fair-July-2011/A-Free-Man-in-LA-Vanity-Fair-July-2011_03.webp,1440,986
20/A-Family-Drama-Vogue-Italia-December-2019/A-Family-Drama-Vogue-Italia-December-2019_16.webp,1536,1154
20/A-Free-Man-in-LA-Vanity-Fair-July-2011/A-Free-Man-in-LA-Vanity-Fair-July-2011_04.webp,1440,979
20/A-Free-Man-in-LA-Vanity-Fair-July-2011/A-Free-Man-in-LA-Vanity-Fair-July-2011_05.webp,1200,1500
20/A-Free-Man-in-LA-Vanity-Fair-July-2011/A-Free-Man-in-LA-Vanity-Fair-July-2011_07.webp,1440,1038
20/A-Free-Man-in-LA-Vanity-Fair-July-2011/A-Free-Man-in-LA-Vanity-Fair-July-2011_08.webp,1440,947
20/A-moment-with-Julia-Louise/A-moment-with-Julia-Louise_02.webp,900,1125
20/A-moment-with-Julia-Louise/A-moment-with-Julia-Louise_01.webp,900,1125
20/A-moment-with-Julia-Louise/A-moment-with-Julia-Louise_03.webp,900,1125
20/A-moment-with-Julia-Louise/A-moment-with-Julia-Louise_05.webp,900,1125
20/A-moment-with-Julia-Louise/A-moment-with-Julia-Louise_07.webp,900,1125
20/A-moment-with-Julia-Louise/A-moment-with-Julia-Louise_09.webp,900,1125
20/A-moment-with-Julia-Louise/A-moment-with-Julia-Louise_10.webp,900,1125
20/A-moment-with-Julia-Louise/A-moment-with-Julia-Louise_12.webp,900,1125
20/A-moment-with-Julia-Louise/A-moment-with-Julia-Louise_14.webp,900,1125
20/A-moment-with-Julia-Louise/A-moment-with-Julia-Louise_06.webp,900,1125
